Discovered At,Feed Name,Feed Category,Title,URL,Published Date,Summary,Platform Relevance,Authority Score,Status
2026-03-07T17:34:12Z,OpenAI News,official,Introducing ChatGPT for Excel and new financial data integrations,https://openai.com/index/chatgpt-for-excel,2026-03-05,"OpenAI introduces ChatGPT for Excel and new financial app integrations, powered by GPT-5.4 to accelerate modeling, research, and analysis in regulated environments.",ChatGPT Search; GPT ecosystem,76.0,candidate
2026-03-07T17:49:35Z,Search Engine Journal,practitioner,"Google AI Mode Cites Itself More Often, With More Organic Links via @sejournal, @MattGSouthern",https://www.searchenginejournal.com/google-ai-mode-cites-itself-more-often-with-more-organic-links/568955/,2026-03-06,"A SE Ranking analysis found that citations within Google's AI Overviews (formerly Search Generative Experience) to its own properties, like Google Flights and Maps, tripled over nine months. Furthermore, these self-citations increasingly link to standard organic search results pages rather than dedicated business profiles. This indicates Google is leveraging its AI search surface to preferentially route traffic to its own assets and traditional web index. For content creators, it implies heightened competition for visibility not just against other websites, but against Google's own integrated properties and curated result pages within AI-generated answers.",SEO; GEO; AI search,71.5,candidate
2026-03-07T17:34:13Z,Semrush Blog,vendor_research,How to Optimize Your Content for LLMs With Semrush,https://www.semrush.com/blog/optimize-content-for-llms-with-semrush/,2026-02-23,"<p><img alt=""How to Optimize Your Content for LLMs With Semrush"" src=""https://static.semrush.com/blog/uploads/media/be/ce/bece461f46bb1a04e2b7049f3d0412ad/ca685719e8b70872348e10a2afec1fab/how-to-optimize-your-content-for-ai-search.svg"" width=""448"" /></p><p>The AI Search Optimizer on Semrush helps you rewrite your content to make it more citable by platforms like ChatGPT and Google‘s AI Overviews.</p>",GEO; AI Search; SEO,69.5,candidate
2026-03-07T17:34:12Z,OpenAI News,official,Codex Security: now in research preview,https://openai.com/index/codex-security-now-in-research-preview,2026-03-06,"Codex Security is an AI application security agent that analyzes project context to detect, validate, and patch complex vulnerabilities with higher confidence and less noise.",ChatGPT Search; GPT ecosystem,68.0,candidate
2026-03-07T17:34:12Z,OpenAI News,official,How Balyasny Asset Management built an AI research engine for investing,https://openai.com/index/balyasny-asset-management,2026-03-06,"See how Balyasny built an AI research system with GPT-5.4, rigorous model evaluation, and agent workflows to transform investment analysis at scale.",ChatGPT Search; GPT ecosystem,68.0,candidate
2026-03-07T17:34:12Z,OpenAI News,official,Joint Statement from OpenAI and Microsoft,https://openai.com/index/continuing-microsoft-partnership,2026-02-27,"Microsoft and OpenAI continue to work closely across research, engineering, and product development, building on years of deep collaboration and shared success.",ChatGPT Search; GPT ecosystem,68.0,candidate
2026-03-07T17:46:53Z,Google Research Blog,official,"Google Research 2025: Bolder breakthroughs, bigger impact",https://research.google/blog/google-research-2025-bolder-breakthroughs-bigger-impact/,2025-12-18,"This analysis of 2023's search landscape found that AI-powered search engines like Bing Chat and Perplexity are increasingly used for complex queries, with 10-15% of searches now involving AI. It argues that traditional SEO tactics are insufficient for these platforms, which prioritize direct answers over lists of links. Key findings show that content structured with clear headers, concise summaries, and authoritative sources ranks better in AI-generated responses. The implication for creators is a shift towards ""GEO"" (Generative Engine Optimization), requiring content optimized for direct extraction and citation by AI to answer user questions comprehensively.",Google AI; search research,65.5,candidate
2026-03-07T17:45:59Z,Google Research Blog,official,Collaborating on a nationwide randomized study of AI in real-world virtual care,https://research.google/blog/collaborating-on-a-nationwide-randomized-study-of-ai-in-real-world-virtual-care/,2026-02-03,"Generative AI refers to artificial intelligence systems capable of creating new content—such as text, images, audio, and video—by learning patterns from existing data. These models, like large language models (LLMs) and diffusion models, generate outputs based on user prompts. For content creators targeting AI-powered search, this implies a shift from traditional keyword optimization to structuring information for direct, factual consumption by AI. Content must be authoritative, well-structured, and semantically rich to be reliably sourced and synthesized by these models, which increasingly act as intermediaries between information and users.",Google AI; search research,65.5,candidate
2026-03-07T17:45:22Z,Google Research Blog,official,Teaching LLMs to reason like Bayesians,https://research.google/blog/teaching-llms-to-reason-like-bayesians/,2026-03-04,"Generative AI refers to artificial intelligence systems capable of creating new content—such as text, images, audio, and video—by learning patterns from existing data. These models, including large language models (LLMs) like GPT-4 and image generators like DALL-E, use deep learning techniques, often transformer architectures, to generate coherent and contextually relevant outputs based on prompts. They have transformative applications across creative industries, content automation, and software development. However, they also raise significant concerns regarding factual accuracy, bias, intellectual property, and the potential for misuse, such as generating deepfakes or disinformation. Their development necessitates ongoing research into alignment, safety, and ethical frameworks to mitigate risks while harnessing their potential.",Google AI; search research,63.5,candidate
2026-03-07T17:34:13Z,Semrush Blog,vendor_research,8 Keyword Research Tools to Try (Free & Paid),https://www.semrush.com/blog/keyword-research-tools/,2026-02-23,"<p><img alt=""8 Keyword Research Tools to Try (Free &amp; Paid)"" src=""https://static.semrush.com/blog/uploads/media/de/c9/dec91fbe7a323212f858683ccb7faaef/best-keyword-research-tools.svg"" width=""448"" /></p><p>The best keyword research tools include Keyword Magic Tool, Google Keyword Planner, and ChatGPT.</p>",GEO; AI Search; SEO,63.5,candidate
2026-03-07T17:49:40Z,Search Engine Journal,practitioner,"AIO Citations Diverge From Rankings, Bing Rewrites Rules – SEO Pulse via @sejournal, @MattGSouthern",https://www.searchenginejournal.com/seo-pulse-aio-citations-diverge-from-rankings-bing-rewrites-rules/568881/,2026-03-06,"A study measuring AI Overview citations versus traditional search rankings found significant divergence, indicating AI-powered search surfaces prioritize different content signals. This divergence is intensifying as AI search expands and platforms clarify their content display mechanisms. For content creators, this implies that traditional SEO ranking factors are becoming less predictive of inclusion in AI-generated answers. Success now requires optimizing specifically for AI citation logic, which may prioritize direct answers, structured data, and authoritative sources over conventional link-building and keyword strategies.",SEO; GEO; AI search,61.5,candidate
2026-03-07T17:52:25Z,Benedict Evans,analyst,The Deep Research problem,https://www.ben-evans.com/benedictevans/2025/2/17/the-deep-research-problem,2025-02-18,"OpenAI's Deep Research tool, designed for complex query analysis, demonstrates significant potential but exhibits critical failures in reliability. The argument is that while the AI can produce impressive initial results, it frequently ""breaks"" under extended use or with nuanced requests, revealing underlying fragility. This implies that content creators targeting AI search must prioritize extreme factual consistency and clear, hierarchical information structure, as these systems, while powerful, are prone to cascading errors when processing ambiguous or poorly organized data.",AI industry; tech strategy,58.0,candidate
2026-03-07T17:34:13Z,Ahrefs Blog,vendor_research,Reddit Keyword Research: 4 Methods to Find Keywords Your Competitors Miss,https://ahrefs.com/blog/reddit-keyword-research/,2026-03-05,"(In fact, search Google for “reddit keyword research” and you’ll notice that 6 of the top 10 results are actual Reddit threads.) That makes Reddit unique and important. It’s a place where your brand’s reputation is shaped by real user<span class=""ellipsis"">&#8230;</span><div class=""read-more"">Read more &#8250;</div><!-- end of .read-more -->",Google AI Overviews; GEO; SEO,58.0,candidate
2026-03-07T17:34:12Z,OpenAI News,official,How Descript enables multilingual video dubbing at scale,https://openai.com/index/descript,2026-03-06,"Descript uses OpenAI models to scale multilingual video dubbing, optimizing translations for both meaning and timing so dubbed speech sounds natural across languages.",ChatGPT Search; GPT ecosystem,58.0,candidate
2026-03-07T17:34:12Z,OpenAI News,official,Introducing GPT-5.4,https://openai.com/index/introducing-gpt-5-4,2026-03-05,"Introducing GPT-5.4, OpenAI’s most most capable and efficient frontier model for professional work, with state-of-the-art coding, computer use, tool search, and 1M-token context.",ChatGPT Search; GPT ecosystem,58.0,candidate
2026-03-07T17:34:12Z,OpenAI News,official,Disrupting malicious uses of AI | February 2026,https://openai.com/index/disrupting-malicious-ai-uses,2026-02-25,Our latest threat report examines how malicious actors combine AI models with websites and social platforms—and what it means for detection and defense.,ChatGPT Search; GPT ecosystem,58.0,candidate
2026-03-07T17:52:48Z,Benedict Evans,analyst,Apple intelligence and AI maximalism,https://www.ben-evans.com/benedictevans/2024/06/20/apple-intelligence,2024-06-20,"The source argues that Apple's generative AI strategy positions large language models (LLMs) as commodity infrastructure rather than proprietary platforms or end-user products. This implies a fundamental shift in the perceived value layer of AI. For content creators targeting AI search, this suggests the competitive focus will move away from simply optimizing for a specific model's outputs. Instead, success will depend on creating unique, high-value content and experiences that sit atop this standardized, ubiquitous infrastructure, as the underlying AI models themselves become less differentiated.",AI industry; tech strategy,56.0,candidate
2026-03-07T17:52:39Z,Benedict Evans,analyst,The AI summer,https://www.ben-evans.com/benedictevans/2024/7/9/the-ai-summer,2024-07-09,"The source argues that despite massive initial adoption, sustained engagement with LLMs like ChatGPT is low, with many users and companies not progressing beyond trials. It posits that while these models appear magical and product-ready, they may be a ""trap,"" lacking inherent product-market fit. This implies that for content creators targeting AI search, simply optimizing for LLM capabilities is insufficient; success requires the slow, fundamental work of building genuinely useful products and services that meet specific, enduring user needs.",AI industry; tech strategy,56.0,candidate
2026-03-07T17:52:35Z,Benedict Evans,analyst,Competing in search,https://www.ben-evans.com/benedictevans/2024/8/19/competing-in-search,2024-08-19,"A U.S. judge ruled Google has abused its monopoly in search, but the practical consequences remain uncertain. The core argument is that Google's dominance stifles competition. This finding implies that the search landscape, long considered settled, may be open to disruption from new entrants like Apple or AI-powered interfaces such as ChatGPT. For content creators, this uncertainty highlights the need to optimize for diverse, emerging search surfaces beyond traditional Google results, as AI-driven answers could fundamentally alter how information is discovered and ranked.",AI industry; tech strategy,56.0,candidate
2026-03-07T17:52:01Z,Benedict Evans,analyst,"AI, networks and Mechanical Turks",https://www.ben-evans.com/benedictevans/2025/11/23/ai-networks-and-mechanical-turks,2025-11-23,"LLMs enable building search and recommendation systems without a vast initial user base by leveraging their pre-trained knowledge to understand queries and content, simulating user interactions for personalization. They can generate synthetic training data and power zero-shot ranking, reducing reliance on extensive historical user data. This implies creators must optimize for LLM comprehension—using clear, factual, and context-rich content—as these systems prioritize semantic understanding over traditional, engagement-heavy signals.",AI industry; tech strategy,56.0,candidate
2026-03-07T17:34:13Z,Ahrefs Blog,vendor_research,"Wikipedia vs Grokipedia: 5x the Pages, 70x the Citations, 1615x the Traffic",https://ahrefs.com/blog/wikipedia-vs-grokipedia/,2026-03-03,"Is Grokipedia a serious competitor to Wikipedia, or just a doomed exercise in billionaire hubris? Does Grok bring new value to the table, or just rehash the same old content? Does Grokipedia influence AI search in a similar way to<span class=""ellipsis"">&#8230;</span><div class=""read-more"">Read more &#8250;</div><!-- end of .read-more -->",Google AI Overviews; GEO; SEO,56.0,candidate
2026-03-07T17:34:13Z,Ahrefs Blog,vendor_research,How to Monitor Brand Mentions in ChatGPT,https://ahrefs.com/blog/monitor-brand-mentions-chatgpt/,2026-02-26,"If you don’t know, that’s a problem. ChatGPT influences millions of product decisions every day—and unlike Google, it gives you zero impressions data, no Search Console, and no built-in analytics. In this guide, I’ll show you how to monitor your<span class=""ellipsis"">&#8230;</span><div class=""read-more"">Read more &#8250;</div><!-- end of .read-more -->",Google AI Overviews; GEO; SEO,56.0,candidate
2026-03-07T17:50:49Z,Search Engine Journal,practitioner,"The Data Reveals: What’s Driving Local Rankings Now via @sejournal, @hethr_campbell",https://www.searchenginejournal.com/what-the-data-shows-about-local-rankings/565920/,2026-03-04,"Analysis of local search ranking factors reveals that traditional signals like citations and backlinks remain important, but reputation signals—specifically Google Business Profile (GBP) engagement metrics (e.g., volume of reviews, photos, and direct user actions like clicks for directions)—are now primary drivers. This data indicates that for content creators and businesses targeting AI-powered local search, optimizing for passive discovery is insufficient. Success requires actively cultivating and managing online reputation to generate high-engagement signals within the GBP ecosystem, as these directly feed the AI models determining local visibility.",SEO; GEO; AI search,55.5,candidate
2026-03-07T17:50:00Z,Search Engine Journal,practitioner,"What SMEC’s Data Reveals About AI Max Performance via @sejournal, @brookeosmundson",https://www.searchenginejournal.com/what-smecs-data-reveals-about-ai-max-performance/568866/,2026-03-05,"A study by SMEC measured the performance of Google Ads' AI Max bidding in search campaigns. It found a 13% increase in conversion value, but this was accompanied by a higher cost per acquisition (CPA) and inconsistent return on ad spend (ROAS). For content creators and advertisers targeting AI-powered search surfaces, this implies that while AI-driven tools can boost overall conversion metrics, they may also introduce greater cost volatility and less predictable efficiency, requiring careful budget management and performance monitoring.",SEO; GEO; AI search,55.5,candidate
2026-03-07T17:49:55Z,Search Engine Journal,practitioner,"NanoClaw Creator Loses SEO Battle To Impostor Website via @sejournal, @MattGSouthern",https://www.searchenginejournal.com/nanoclaw-creator-loses-seo-battle-to-impostor-website/568885/,2026-03-05,"A developer argued that Google's AI-powered search (SGE) incorrectly ranked a fake website above his legitimate project's site, despite the real site having significant credibility signals like 18,000 GitHub stars, press coverage, and proper structured data. This case found that traditional SEO authority metrics and on-page optimization were insufficient to guarantee accurate ranking in this generative search environment. It implies that content creators must actively monitor for brand impersonations and that current search algorithms may still be vulnerable to manipulation or misalignment on AI surfaces, prioritizing unclear signals over established webmaster-provided credentials.",SEO; GEO; AI search,55.5,candidate
2026-03-07T17:49:30Z,Search Engine Journal,practitioner,"The 10 Best PPC Ad Networks via @sejournal, @LisaRocksSEM",https://www.searchenginejournal.com/ppc-guide/best-ppc-ad-networks/,2026-03-06,"This source argues for a data-driven approach to selecting paid media platforms for 2026, evaluating ten major ad networks. It measures key performance criteria including audience reach, the sophistication of targeting capabilities, and the level of automation available on each platform. The analysis implies that content creators and advertisers must prioritize platforms offering a combination of extensive scale, precise targeting, and automated optimization tools to effectively allocate budgets on future AI-powered search and advertising surfaces, where efficient, data-informed spending will be critical.",SEO; GEO; AI search,55.5,candidate
2026-03-07T17:46:37Z,Google Research Blog,official,Next generation medical image interpretation with MedGemma 1.5 and medical speech to text with MedASR,https://research.google/blog/next-generation-medical-image-interpretation-with-medgemma-15-and-medical-speech-to-text-with-medasr/,2026-01-13,"Generative AI refers to artificial intelligence systems capable of creating new content—like text, images, audio, and code—by learning patterns from vast datasets. These models, such as large language models (LLMs), generate outputs based on user prompts, powering applications from chatbots to creative tools. For content creators targeting AI-powered search, this implies a shift from traditional keyword SEO to optimizing for semantic understanding and authoritative sourcing, as these models synthesize information from diverse sources to provide direct, conversational answers. Success increasingly depends on producing clear, factual, and context-rich content that AI can reliably reference and summarize.",Google AI; search research,55.5,candidate
2026-03-07T17:46:21Z,Google Research Blog,official,"Small models, big results: Achieving superior intent extraction through decomposition",https://research.google/blog/small-models-big-results-achieving-superior-intent-extraction-through-decomposition/,2026-01-22,"Generative AI refers to artificial intelligence systems capable of creating new content—like text, images, audio, and code—by learning patterns from vast datasets. These models, such as large language models (LLMs), generate outputs based on user prompts, powering applications from chatbots to creative tools. For content creators targeting AI-powered search, this implies a shift from traditional keyword SEO to optimizing for semantic understanding and authoritative sourcing, as these models synthesize information from their training data to provide direct answers. Creators must focus on clarity, factual accuracy, and comprehensive coverage to be reliably cited as a source in AI-generated responses.",Google AI; search research,55.5,candidate
2026-03-07T17:46:11Z,Google Research Blog,official,ATLAS: Practical scaling laws for multilingual models,https://research.google/blog/atlas-practical-scaling-laws-for-multilingual-models/,2026-01-27,"Generative AI refers to artificial intelligence systems capable of creating new content—like text, images, audio, and code—by learning patterns from vast datasets. These models, such as large language models (LLMs), generate outputs based on user prompts, powering applications from chatbots to creative tools. For content creators targeting AI-powered search, this implies a shift from traditional keyword SEO to optimizing for semantic understanding and authoritative sourcing, as these models synthesize information from their training data to provide direct answers. Creators must focus on clarity, factual accuracy, and comprehensive coverage to be reliably cited as a source in AI-generated responses.",Google AI; search research,55.5,candidate
2026-03-07T17:46:05Z,Google Research Blog,official,Towards a science of scaling agent systems: When and why agent systems work,https://research.google/blog/towards-a-science-of-scaling-agent-systems-when-and-why-agent-systems-work/,2026-01-28,"Generative AI refers to artificial intelligence systems capable of creating new content—like text, images, audio, and code—by learning patterns from vast datasets. These models, such as large language models (LLMs), generate outputs based on user prompts, powering applications from chatbots to creative tools. For content creators targeting AI-powered search, this implies a shift from traditional keyword SEO to optimizing for semantic understanding and authoritative sourcing, as these models synthesize information from diverse sources to provide direct, conversational answers. Success increasingly depends on producing clear, factual, and context-rich content that AI can reliably reference and summarize.",Google AI; search research,55.5,candidate
2026-03-07T17:45:54Z,Google Research Blog,official,​Sequential Attention: Making AI models leaner and faster without sacrificing accuracy,https://research.google/blog/sequential-attention-making-ai-models-leaner-and-faster-without-sacrificing-accuracy/,2026-02-04,"This source argues that theoretical computer science, particularly algorithmic analysis and complexity theory, provides the essential mathematical foundation for modern AI systems. It finds that concepts like computational efficiency, optimization, and NP-completeness directly underpin the design and limitations of machine learning models and search algorithms. For content creators targeting AI-powered search, this implies that understanding these core algorithmic principles—how AI systems process, rank, and retrieve information under constraints—is crucial for developing strategies that align with the system's inherent logic and capabilities, moving beyond superficial keyword matching to address fundamental information processing behaviors.",Google AI; search research,55.5,candidate
2026-03-07T17:34:13Z,Semrush Blog,vendor_research,"How AI Tools Influence the Modern Buyer Journey: A Survey of 1,000+ US Consumers",https://www.semrush.com/blog/ai-tools-the-modern-buyer-journey-study/,2026-03-05,"<p><img alt=""How AI Tools Influence the Modern Buyer Journey: A Survey of 1,000+ US Consumers"" src=""https://static.semrush.com/blog/uploads/media/ff/f6/fff663584306a4496160f00677cfb256/8bcac269879a590e1fb4a08cc27eefcc/how-consumers-use-ai-to-research-and-buy-products-insights-from-1000-us-shoppers.svg"" width=""448"" /></p><p>AI is reshaping how people discover and buy products. Our survey of 1,000+ U.S. shoppers reveals how AI influences research, brand discovery, and purchases.</p>",GEO; AI Search; SEO,55.5,candidate
2026-03-08T04:59:34Z,Search Engine Journal,practitioner,"Google’s Liz Reid Says LLMs Unlock Audio And Video Indexing via @sejournal, @MattGSouthern",https://www.searchenginejournal.com/googles-liz-reid-says-llms-unlock-audio-and-video-indexing/569009/,2026-03-07,"Google's head of Search, Liz Reid, argued that multimodal large language models (LLMs) enable the indexing and understanding of audio and video content, which was previously difficult. This advancement allows Google Search to process and retrieve information from non-text media. The discussion also indicated a potential future for ""subscription-aware"" search, where results could account for a user's paid content subscriptions. For creators, this implies that optimizing audio and video content for AI comprehension is becoming critical for visibility in AI-powered search, and they may need to consider how paywalled or subscription-based content integrates with these evolving search systems.",SEO; GEO; AI search,53.5,candidate
2026-03-07T17:50:30Z,Search Engine Journal,practitioner,"Google Updates AI Recipe Results To Send More Traffic via @sejournal, @martinibuster",https://www.searchenginejournal.com/google-updates-ai-mode-recipe-sites-results/568798/,2026-03-04,"Google updated its AI Overviews for recipe searches to display more detailed recipe information directly, including ingredients and steps, while also prominently featuring source links. This change was measured to increase click-through rates to the original recipe websites. The update argues that Google is refining its AI-powered search to balance providing immediate answers with driving meaningful traffic to content creators. For creators targeting AI search surfaces, this implies that well-structured, authoritative content with clear factual data remains valuable, as Google's AI systems are being tuned to both answer queries and attribute traffic to sources.",SEO; GEO; AI search,53.5,candidate
2026-03-07T17:50:04Z,Search Engine Journal,practitioner,"The Verified Source Pack Agents Trust First via @sejournal, @DuaneForrester",https://www.searchenginejournal.com/the-verified-source-pack-agents-trust-first/568506/,2026-03-05,"The article argues that technical SEO is shifting from basic crawl optimization to ""truth packaging,"" establishing verified source packs as a new infrastructure layer for AI agents. It details how these structured data packages, containing verified facts and citations, are prioritized by AI search systems to assess content credibility. This implies content creators must move beyond traditional SEO to implement structured, authoritative data verification, ensuring their information is packaged as a trusted source for AI-driven search and answer generation.",SEO; GEO; AI search,53.5,candidate
2026-03-07T17:34:13Z,Semrush Blog,vendor_research,How to Track Your Google AI Mode Visibility with Semrush,https://www.semrush.com/blog/track-google-ai-mode-visibility-with-semrush/,2026-03-09,"<p><img alt=""How to Track Your Google AI Mode Visibility with Semrush"" src=""https://static.semrush.com/blog/uploads/media/a2/bf/a2bf650e161364ba675a454d6cff6b20/828bd9e33017e73ddaced37352cef7b0/how-to-track-your-google-ai-mode-visibility-with-semrush.svg"" width=""448"" /></p><p>Learn how to track your Google AI Mode visibility using Semrush. Analyze competitors, track rankings, and grow your presence in AI search.</p>",GEO; AI Search; SEO,53.5,candidate
2026-03-07T17:52:04Z,Benedict Evans,analyst,AI metrics,https://www.ben-evans.com/benedictevans/2025/6/9/generative-ais-metrics-question,2025-06-09,"This source argues that measuring growth during platform shifts, like the rise of AI search, is fundamentally challenging due to unclear data, definitions, and the uncertain future role of the new platform itself. For content creators, this implies that traditional metrics may be obsolete. Success will depend on anticipating and optimizing for the undefined final form of AI-powered search surfaces, rather than relying on established measurement frameworks.",AI industry; tech strategy,50.0,candidate
2026-03-07T17:34:12Z,OpenAI News,official,GPT-5.4 Thinking System Card,https://openai.com/index/gpt-5-4-thinking-system-card,2026-03-05,,ChatGPT Search; GPT ecosystem,50.0,candidate
2026-03-07T17:34:12Z,OpenAI News,official,"Reasoning models struggle to control their chains of thought, and that’s good",https://openai.com/index/reasoning-models-chain-of-thought-controllability,2026-03-05,"OpenAI introduces CoT-Control and finds reasoning models struggle to control their chains of thought, reinforcing monitorability as an AI safety safeguard.",ChatGPT Search; GPT ecosystem,50.0,candidate
2026-03-07T17:34:12Z,OpenAI News,official,Ensuring AI use in education leads to opportunity,https://openai.com/index/ai-education-opportunity,2026-03-05,"OpenAI shares new tools, certifications, and measurement resources to help schools and universities close AI capability gaps and expand opportunity.",ChatGPT Search; GPT ecosystem,50.0,candidate
2026-03-07T17:34:12Z,OpenAI News,official,The five AI value models driving business reinvention,https://openai.com/index/the-five-ai-value-models-driving-business-reinvention,2026-03-05,Five AI value models show how leaders can sequence AI from workforce fluency to process reinvention and build durable business advantage.,ChatGPT Search; GPT ecosystem,50.0,candidate
2026-03-07T17:34:12Z,OpenAI News,official,Introducing the Adoption news channel,https://openai.com/index/introducing-the-adoption-news-channel,2026-03-05,Practical insights and frameworks to turn AI progress into business advantage,ChatGPT Search; GPT ecosystem,50.0,candidate
2026-03-07T17:34:12Z,OpenAI News,official,Extending single-minus amplitudes to gravitons,https://openai.com/index/extending-single-minus-amplitudes-to-gravitons,2026-03-04,"A new preprint extends single-minus amplitudes to gravitons, with GPT-5.2 Pro helping derive and verify nonzero graviton tree amplitudes in quantum gravity.",ChatGPT Search; GPT ecosystem,50.0,candidate
2026-03-07T17:34:12Z,OpenAI News,official,How Axios uses AI to help deliver high-impact local journalism,https://openai.com/index/axios-allison-murphy,2026-03-04,"Axios COO Allison Murphy explains how the company uses AI to support local reporters, streamline newsroom workflows, and deliver high-impact local journalism at scale.",ChatGPT Search; GPT ecosystem,50.0,candidate
2026-03-07T17:34:12Z,OpenAI News,official,Understanding AI and learning outcomes,https://openai.com/index/understanding-ai-and-learning-outcomes,2026-03-04,OpenAI introduces the Learning Outcomes Measurement Suite to assess AI’s impact on student learning across diverse educational environments over time.,ChatGPT Search; GPT ecosystem,50.0,candidate
2026-03-07T17:34:12Z,OpenAI News,official,GPT-5.3 Instant System Card,https://openai.com/index/gpt-5-3-instant-system-card,2026-03-03,,ChatGPT Search; GPT ecosystem,50.0,candidate
2026-03-07T17:34:12Z,OpenAI News,official,"GPT-5.3 Instant: Smoother, more useful everyday conversations",https://openai.com/index/gpt-5-3-instant,2026-03-03,,ChatGPT Search; GPT ecosystem,50.0,candidate
2026-03-07T17:34:12Z,OpenAI News,official,Our agreement with the Department of War,https://openai.com/index/our-agreement-with-the-department-of-war,2026-02-28,"Details on OpenAI’s contract with the Department of War, outlining safety red lines, legal protections, and how AI systems will be deployed in classified environments.",ChatGPT Search; GPT ecosystem,50.0,candidate
2026-03-07T17:34:12Z,OpenAI News,official,Introducing the Stateful Runtime Environment for Agents in Amazon Bedrock,https://openai.com/index/introducing-the-stateful-runtime-environment-for-agents-in-amazon-bedrock,2026-02-27,"Stateful Runtime for Agents in Amazon Bedrock brings persistent orchestration, memory, and secure execution to multi-step AI workflows powered by OpenAI.",ChatGPT Search; GPT ecosystem,50.0,candidate
2026-03-07T17:34:12Z,OpenAI News,official,Scaling AI for everyone,https://openai.com/index/scaling-ai-for-everyone,2026-02-27,"Today we’re announcing $110B in new investment at a $730B pre money valuation. This includes $30B from SoftBank, $30B from NVIDIA, and $50B from Amazon.",ChatGPT Search; GPT ecosystem,50.0,candidate
2026-03-07T17:34:12Z,OpenAI News,official,OpenAI and Amazon announce strategic partnership,https://openai.com/index/amazon-partnership,2026-02-27,"OpenAI and Amazon announce a strategic partnership bringing OpenAI’s Frontier platform to AWS, expanding AI infrastructure, custom models, and enterprise AI agents.",ChatGPT Search; GPT ecosystem,50.0,candidate
2026-03-07T17:34:12Z,OpenAI News,official,An update on our mental health-related work,https://openai.com/index/update-on-mental-health-related-work,2026-02-27,"OpenAI shares updates on its mental health safety work, including parental controls, trusted contacts, improved distress detection, and recent litigation developments.",ChatGPT Search; GPT ecosystem,50.0,candidate
2026-03-07T17:34:12Z,OpenAI News,official,Pacific Northwest National Laboratory and OpenAI partner to accelerate federal permitting,https://openai.com/index/pacific-northwest-national-laboratory,2026-02-26,"OpenAI and Pacific Northwest National Laboratory introduce DraftNEPABench, a new benchmark evaluating how AI coding agents can accelerate federal permitting—showing potential to reduce NEPA drafting time by up to 15% and modernize infrastructure reviews.",ChatGPT Search; GPT ecosystem,50.0,candidate
2026-03-07T17:34:12Z,OpenAI News,official,OpenAI Codex and Figma launch seamless code-to-design experience,https://openai.com/index/figma-partnership,2026-02-26,"OpenAI and Figma launch a new Codex integration that connects code and design, enabling teams to move between implementation and the Figma canvas to iterate and ship faster.",ChatGPT Search; GPT ecosystem,50.0,candidate
2026-03-07T17:34:12Z,OpenAI News,official,Arvind KC appointed Chief People Officer,https://openai.com/index/arvind-kc-chief-people-officer,2026-02-24,"OpenAI appoints Arvind KC as Chief People Officer to help scale the company, strengthen its culture, and lead how work evolves in the age of AI.",ChatGPT Search; GPT ecosystem,50.0,candidate
2026-03-07T17:53:08Z,Benedict Evans,analyst,Looking for AI use-cases,https://www.ben-evans.com/benedictevans/2024/4/19/looking-for-ai-use-cases,2024-04-19,"The source argues that despite 18 months of availability, ChatGPT's universal utility remains unclear, questioning whether LLMs become general-purpose tools or are best deployed within specialized, single-purpose applications. It implies that for content creators targeting AI search, success may depend less on broad visibility and more on deeply integrating information into niche, task-specific AI agents or tools that solve concrete problems, rather than relying on a single, all-purpose conversational interface.",AI industry; tech strategy,48.0,candidate
2026-03-07T17:53:04Z,Benedict Evans,analyst,AI and problems of scale,https://www.ben-evans.com/benedictevans/2024/4/29/problems-of-scale-z7mrb,2024-04-29,"Generative AI enables the automation of previously small-scale, manual tasks at a massive, industrial scale. This shift in scale fundamentally changes the principle of content creation and discovery. For content creators targeting AI-powered search, it implies that traditional SEO strategies are insufficient. Success now depends on optimizing for how generative models synthesize and attribute information. Creators must produce authoritative, well-structured content that AI systems can reliably extract and cite, as these models increasingly serve as the primary interface for information retrieval, making visibility within their training data and response algorithms critical.",AI industry; tech strategy,48.0,candidate
2026-03-07T17:52:29Z,Benedict Evans,analyst,Are better models better?,https://www.ben-evans.com/benedictevans/2025/1/the-problem-with-better-models,2025-01-22,"The source argues that while AI models rapidly improve, many queries require definitive ""right"" answers, which current models cannot reliably provide. This highlights a fundamental limitation in generative AI's capability for factual accuracy. For content creators targeting AI search, this implies a critical opportunity: prioritizing clear, authoritative, and verifiable information that can serve as the definitive source for these ""right"" answers, thereby increasing the likelihood of being surfaced and cited by AI systems.",AI industry; tech strategy,48.0,candidate
2026-03-07T17:52:10Z,Benedict Evans,analyst,GenAI’s adoption puzzle,https://www.ben-evans.com/benedictevans/2025/5/25/genais-adoption-puzzle,2025-05-25,"A study measuring user adoption of generative AI chatbots found that while transformative potential exists, most users engage only weekly or biweekly, with few integrating it into daily life. This suggests a significant product problem, not merely a time-based adoption issue. For content creators targeting AI search surfaces, this implies that current AI tools lack the consistent utility and seamless integration required to become habitual. To capture attention on these platforms, content must be optimized not just for discovery but to serve immediate, high-value needs that compel regular use, addressing the engagement gap by fulfilling unmet practical demands.",AI industry; tech strategy,48.0,candidate
2026-03-07T17:34:13Z,Ahrefs Blog,vendor_research,What Are Secondary Keywords? (And How to Use Them),https://ahrefs.com/blog/secondary-keywords/,2026-03-06,"Secondary keywords are how you capture that extra traffic. They’re the supporting terms that help your page rank for more searches without creating separate content for each variation. In this guide, you’ll learn what secondary keywords are, how to find<span class=""ellipsis"">&#8230;</span><div class=""read-more"">Read more &#8250;</div><!-- end of .read-more -->",Google AI Overviews; GEO; SEO,48.0,candidate
2026-03-07T17:34:13Z,Ahrefs Blog,vendor_research,14 GEO Conferences to Attend in 2026,https://ahrefs.com/blog/geo-conferences/,2026-02-20,"Now, it commands its own conference circuit, operating alongside dozens of dozens of established SEO and marketing conferences that have added substantial AI search tracks. Here’s a roundup of all the GEO and GEO-adjacent conferences that are happening in 2026.<span class=""ellipsis"">&#8230;</span><div class=""read-more"">Read more &#8250;</div><!-- end of .read-more -->",Google AI Overviews; GEO; SEO,48.0,candidate
2026-03-07T17:51:16Z,Moz Blog,practitioner,"Tackling 8,000 Title Tag Rewrites: A Case Study",https://feedpress.me/link/9375/14753388/title-tag-rewrite-case-study,2021-09-16,"A Moz.com analysis examined Google's automated rewriting of title tags in search results, finding that the search engine frequently modifies titles it deems suboptimal for user queries. The study presented three case studies where Moz successfully corrected poor algorithmic rewrites by optimizing original titles to be more relevant, concise, and query-aligned. This implies that content creators must proactively craft clear, keyword-appropriate title tags to satisfy both user intent and Google's algorithmic preferences, thereby reducing the need for and risk of undesirable automated edits on AI-powered search surfaces.",SEO; GEO; content strategy,47.5,candidate
2026-03-07T17:46:48Z,Google Research Blog,official,NeuralGCM harnesses AI to better simulate long-range global precipitation,https://research.google/blog/neuralgcm-harnesses-ai-to-better-simulate-long-range-global-precipitation/,2026-01-12,"This source argues that climate and sustainability content must be optimized for AI search (GEO) by prioritizing factual depth, structured data, and clear authority signals. It finds that AI models like ChatGPT prioritize comprehensive, well-sourced information from trusted entities (e.g., scientific bodies, established NGOs) over superficial or promotional content. For creators, this implies a shift from traditional SEO keyword strategies toward creating definitive, evidence-based resources that directly answer complex queries. Success requires establishing topical expertise through citations, clear explanations of concepts like net-zero or circular economy, and formatting content (using headers, lists) for easy machine parsing and summarization.",Google AI; search research,47.5,candidate
2026-03-07T17:46:42Z,Google Research Blog,official,Dynamic surface codes open new avenues for quantum error correction,https://research.google/blog/dynamic-surface-codes-open-new-avenues-for-quantum-error-correction/,2026-01-13,"Quantum computing leverages quantum mechanical phenomena like superposition and entanglement to process information using qubits, enabling exponential speedups for specific problems like cryptography and optimization compared to classical computers. This emerging technology is still in early development, facing significant challenges in qubit stability and error correction. For content creators targeting AI-powered search, this implies a need to produce technically precise, forward-looking content that explains quantum principles, current research milestones, and potential applications, as AI search engines will prioritize authoritative, clear explanations of complex, evolving fields to answer user queries effectively.",Google AI; search research,47.5,candidate
2026-03-07T17:46:32Z,Google Research Blog,official,Hard-braking events as indicators of road segment crash risk,https://research.google/blog/hard-braking-events-as-indicators-of-road-segment-crash-risk/,2026-01-13,"This source argues that theoretical computer science, particularly algorithmic analysis and complexity theory, provides the essential mathematical foundation for modern AI systems. It finds that concepts like computational efficiency, optimization, and NP-completeness are critical for designing and understanding the models powering AI search and generative engines. For content creators, this implies that while direct technical knowledge isn't required, an awareness of these underlying principles—such as how algorithms prioritize, rank, and generate information—is crucial for effectively optimizing content to be discovered and processed by AI-driven platforms.",Google AI; search research,47.5,candidate
2026-03-07T17:46:26Z,Google Research Blog,official,Unlocking health insights: Estimating advanced walking metrics with smartwatches,https://research.google/blog/unlocking-health-insights-estimating-advanced-walking-metrics-with-smartwatches/,2026-01-15,"This source analyzes how AI-powered search engines like Perplexity and ChatGPT handle health and bioscience queries, finding they often prioritize direct answers over source links, with 45% of results lacking citations. It argues that content creators must adapt to ""Generative Engine Optimization"" by structuring information for AI consumption—using clear headings, concise summaries, and authoritative data—to increase the likelihood of their work being sourced and synthesized in these responses, as traditional SEO tactics are less effective.",Google AI; search research,47.5,candidate
2026-03-07T17:46:16Z,Google Research Blog,official,Introducing GIST: The next stage in smart sampling,https://research.google/blog/introducing-gist-the-next-stage-in-smart-sampling/,2026-01-23,"This source argues that theoretical computer science, particularly algorithmic analysis and complexity theory, provides the essential mathematical foundation for modern AI systems. It finds that concepts like computational efficiency, optimization, and NP-completeness directly underpin the design and limitations of machine learning models and search algorithms. For content creators targeting AI-powered search, this implies that understanding these core algorithmic principles—how AI systems process, rank, and retrieve information under constraints—is crucial for developing strategies that align with the system's inherent logic and capabilities, moving beyond superficial keyword matching to address fundamental information retrieval processes.",Google AI; search research,47.5,candidate
2026-03-07T17:45:49Z,Google Research Blog,official,How AI tools can redefine universal design to increase accessibility,https://research.google/blog/how-ai-agents-can-redefine-universal-design-to-increase-accessibility/,2026-02-05,"This source argues that AI-powered search engines like Perplexity and ChatGPT are fundamentally reshaping how users discover and consume information, moving beyond traditional SEO. It finds that these generative engines prioritize direct, synthesized answers over lists of links, often pulling from diverse sources without clear attribution. This implies content creators must adapt strategies for ""GEO"" (Generative Engine Optimization), focusing on becoming a cited source within AI-generated answers by providing authoritative, factual, and well-structured content that these models can reliably extract and reference.",Google AI; search research,47.5,candidate
2026-03-07T17:45:43Z,Google Research Blog,official,How AI trained on birds is surfacing underwater mysteries,https://research.google/blog/how-ai-trained-on-birds-is-surfacing-underwater-mysteries/,2026-02-09,"This source argues that climate and sustainability content must be optimized for AI search (GEO) by prioritizing factual depth, structured data, and clear authority signals. It finds that AI models like ChatGPT prioritize comprehensive, well-sourced information from trusted entities (e.g., scientific bodies, established NGOs) over superficial or promotional content. For creators, this implies a shift from traditional SEO keyword strategies toward creating definitive, evidence-based resources that directly answer complex queries. Success requires establishing topical expertise through citations, clear explanations of concepts like net-zero or circular economy, and formatting content (using headers, lists) for easy machine parsing and summarization.",Google AI; search research,47.5,candidate
2026-03-07T17:45:38Z,Google Research Blog,official,"Beyond one-on-one: Authoring, simulating, and testing dynamic human-AI group conversations",https://research.google/blog/beyond-one-on-one-authoring-simulating-and-testing-dynamic-human-ai-group-conversations/,2026-02-10,"This source examines how human-computer interaction (HCI) and visualization principles are critical for designing effective AI-powered search interfaces. It argues that successful systems must move beyond raw information retrieval to support user comprehension, decision-making, and trust through intuitive visual representations and interactive exploration. The findings imply that for content to be surfaced and valued by generative search engines, creators must structure information not just for algorithmic parsing but for seamless human consumption—prioritizing clarity, logical narrative flow, and the presentation of data in visually integrable formats. This shifts optimization focus toward user-centric explainability and actionable insight delivery.",Google AI; search research,47.5,candidate
2026-03-07T17:45:32Z,Google Research Blog,official,Scheduling in a changing world: Maximizing throughput with time-varying capacity,https://research.google/blog/scheduling-in-a-changing-world-maximizing-throughput-with-time-varying-capacity/,2026-02-11,"This source argues that the theoretical foundations of algorithms—including computational complexity, data structures, and formal proofs of correctness and efficiency—are critical for developing robust and scalable AI systems. It finds that a deep understanding of algorithmic theory enables the creation of more efficient models, better resource management, and principled approaches to problem-solving. For content creators targeting AI-powered search, this implies that technically rigorous, well-structured content explaining core algorithmic concepts is valuable. Such content is likely to be prioritized by AI systems that parse and synthesize information, as it provides the foundational knowledge these systems are built upon and use to generate answers.",Google AI; search research,47.5,candidate
2026-03-07T17:45:27Z,Google Research Blog,official,Teaching AI to read a map,https://research.google/blog/teaching-ai-to-read-a-map/,2026-02-17,"Researchers measured how AI search engines like Perplexity and ChatGPT evaluate and rank content, finding they prioritize factual accuracy, source credibility, and comprehensive coverage over traditional SEO metrics like backlinks. The study argued that AI models assess content for direct answerability and trustworthiness, often favoring established domains and in-depth explanations. This implies content creators must shift focus to creating authoritative, well-sourced, and thoroughly detailed information to rank effectively on AI-powered search surfaces, as these systems reward substantive quality for direct user queries.",Google AI; search research,47.5,candidate
2026-03-07T17:45:15Z,Google Research Blog,official,Where wild things roam: Identifying wildlife with SpeciesNet,https://research.google/blog/where-wild-things-roam-identifying-wildlife-with-speciesnet/,2026-03-06,"This source argues that climate and sustainability content must be optimized for AI search (GEO) by prioritizing factual depth, structured data, and clear authority signals. It finds that AI models like ChatGPT prioritize comprehensive, well-sourced information from trusted entities (e.g., scientific bodies, established NGOs) over superficial or promotional content. For creators, this implies a shift from traditional SEO keyword strategies toward creating definitive, evidence-based resources that directly answer complex queries. Success requires establishing topical expertise through citations, clear explanations of concepts like net-zero or circular economy, and formatting content (using headers, lists) for easy machine parsing and summarization.",Google AI; search research,47.5,candidate
2026-03-07T17:45:09Z,Google Research Blog,official,WAXAL: A large-scale open resource for African language speech technology,https://research.google/blog/waxal-a-large-scale-open-resource-for-african-language-speech-technology/,2026-03-06,"Natural language processing (NLP) is a subfield of AI focused on enabling computers to understand, interpret, and generate human language. It involves techniques like tokenization, parsing, and machine learning models (including transformers) to perform tasks such as sentiment analysis, machine translation, and question answering. For content creators targeting AI search, this implies that content must be structured for machine comprehension, using clear semantics, entity relationships, and context. Optimizing for NLP-driven systems means prioritizing factual accuracy, comprehensive topic coverage, and natural language patterns that align with how these models process and retrieve information to rank and surface content.",Google AI; search research,47.5,candidate
2026-03-07T17:51:43Z,Moz Blog,practitioner,How to Calculate Your SEO ROI Using Google Analytics,https://feedpress.me/link/9375/14733670/calculate-seo-roi-with-google-analytics,2021-09-06,"This source argues that measuring SEO ROI requires analyzing key performance indicators (KPIs) and campaign costs. It states that using analytics tools allows creators to identify traffic sources, set strategic goals, and incorporate high-value keywords to improve search rankings. For content creators targeting AI search, this implies that foundational SEO metrics and cost-efficiency remain critical for demonstrating value, even as search surfaces evolve. Success still depends on tracking audience acquisition and optimizing for relevant search terms to secure visibility.",SEO; GEO; content strategy,45.5,candidate
2026-03-07T17:51:39Z,Moz Blog,practitioner,Responsive Search Ads: 5 Best Practices for Google Ads PPC Search Campaigns,https://feedpress.me/link/9375/14735616/5-google-ads-ppc-best-practices,2021-09-07,"A source on optimizing Google Ads responsive search ads (RSAs) argues that specific techniques can increase clicks and conversions. It implies that for AI-powered search surfaces, content creators must systematically apply platform-specific best practices—like testing ad components and aligning with user intent—to improve visibility and performance in algorithmically governed ad auctions.",SEO; GEO; content strategy,45.5,candidate
2026-03-07T17:51:31Z,Moz Blog,practitioner,The Three Bosses of SEO,https://feedpress.me/link/9375/14742542/three-seo-bosses,2021-09-10,"A framework argues that effective SEO requires balancing the distinct needs of three ""bosses"": the business (requiring conversions and ROI), the searchers (seeking relevant, satisfying answers), and the search engines (demanding technically compliant, indexable content). This implies content creators must synthesize these priorities, creating technically sound content that genuinely fulfills user intent to ultimately drive business goals, a principle equally critical for optimizing visibility on AI-powered search surfaces that prioritize user satisfaction and authoritative answers.",SEO; GEO; content strategy,45.5,candidate
2026-03-07T17:51:04Z,Search Engine Journal,practitioner,"Builderius WordPress Page Builder Integrates Claude AI via @sejournal, @martinibuster",https://www.searchenginejournal.com/builderius-wordpress-page-builder-integrates-claude-ai/568737/,2026-03-03,"The Builderius WordPress page builder is experimentally integrating Claude AI to enable direct application of AI-suggested changes within its interface. This development measures the practical utility of generative AI for streamlining web design workflows. It implies that for content creators targeting AI-powered search, the technical environment for content creation is rapidly evolving. Tools are becoming more natively intelligent, capable of understanding and executing complex instructions. Creators must therefore focus on mastering these integrated AI assistants to produce optimized, structured content more efficiently, as the platforms themselves begin to handle more implementation details.",SEO; GEO; AI search,45.5,candidate
2026-03-07T17:50:59Z,Search Engine Journal,practitioner,"Seraphinite Accelerator WordPress Plugin Vulnerabilities Affect 60K Sites via @sejournal, @martinibuster",https://www.searchenginejournal.com/seraphinite-accelerator-vulnerabilities/568755/,2026-03-04,"Security researchers identified two vulnerabilities in the Seraphinite Accelerator WordPress plugin, potentially impacting up to 60,000 website installations. The flaws could allow attackers to perform stored cross-site scripting (XSS) and gain unauthorized administrative access. This finding implies that content creators must prioritize website security and plugin maintenance, as compromised sites risk being de-indexed or penalized by search engines, directly harming visibility on all search surfaces, including AI-powered ones. Secure, stable sites are a foundational requirement for reliable content discovery.",SEO; GEO; AI search,45.5,candidate
2026-03-07T17:50:54Z,Search Engine Journal,practitioner,"Yoast SEO’s New Schema Aggregator Improves Entity Disambiguation via @sejournal, @martinibuster",https://www.searchenginejournal.com/yoast-seos-new-schema-aggregator-improves-entity-disambiguation/568764/,2026-03-04,"Yoast SEO introduced a new schema aggregator feature designed to consolidate a website's structured data and clarify the relationships between key entities like authors, articles, and organizations. This technical improvement aims to enhance entity disambiguation, helping search engines better understand and accurately represent site content. For content creators, this implies that properly implementing such structured data tools is becoming critical for visibility in AI-powered search, as these systems increasingly rely on clear, unambiguous entity relationships to generate precise answers and summaries.",SEO; GEO; AI search,45.5,candidate
2026-03-07T17:50:44Z,Search Engine Journal,practitioner,"SEO Vs. PPC Strategy: What’s Right For Your Business? via @sejournal, @brookeosmundson",https://www.searchenginejournal.com/seo-vs-ppc-strategy-whats-right-for-your-business/567778/,2026-03-04,"The article analyzes the distinct scaling dynamics and competitive roles of SEO (search engine optimization) and PPC (pay-per-click) advertising for business growth. It argues that while PPC delivers immediate, controllable traffic and direct competition for paid placements, SEO builds sustainable, long-term organic visibility that compounds over time. The findings imply content creators must strategically allocate resources: PPC for testing and short-term goals, and SEO-focused, high-quality content for enduring authority and cost-efficient growth in AI-powered search, where organic visibility remains paramount.",SEO; GEO; AI search,45.5,candidate
2026-03-07T17:50:39Z,Search Engine Journal,practitioner,"Why Most Enterprise SEO Operating Models Are Structurally Broken via @sejournal, @billhunt",https://www.searchenginejournal.com/why-most-enterprise-seo-operating-models-are-structurally-broken/566075/,2026-03-04,"The article argues that traditional enterprise SEO is flawed as a reactive audit function. It advocates for embedding SEO as a core capability from the outset to shape content structure and technical eligibility. This shift implies that content creators must prioritize SEO fundamentals—like site architecture and crawlability—during initial development, not as a post-hoc fix, to effectively reach AI-driven search surfaces where foundational quality is paramount.",SEO; GEO; AI search,45.5,candidate
2026-03-07T17:50:35Z,Search Engine Journal,practitioner,Google Zero Is A Lie,https://www.searchenginejournal.com/google-zero-is-a-lie/568668/,2026-03-04,"The article argues that the ""Google Zero"" narrative—the idea that organic search traffic has fallen to zero for many sites—is inaccurate. It contends that while traffic volatility has increased, significant organic visibility and clicks still exist. The analysis implies that for content creators, the focus should shift from fearing total obsolescence to adapting strategies for AI-enhanced search results, such as optimizing for featured snippets and direct answers, and creating comprehensive, authoritative content that satisfies both user intent and evolving algorithmic preferences.",SEO; GEO; AI search,45.5,candidate
2026-03-07T17:50:25Z,Search Engine Journal,practitioner,"WordPress Releases AI Plugins For Anthropic Claude, Google Gemini, And OpenAI via @sejournal, @martinibuster",https://www.searchenginejournal.com/wordpress-releases-ai-plugins-for-anthropic-claude-google-gemini-and-openai/568822/,2026-03-04,"WordPress has released three official plugins enabling direct integration of Anthropic's Claude, Google's Gemini, and OpenAI models into websites. This allows site owners to embed AI assistants and features directly within their WordPress environments. For content creators targeting AI search, this development signifies a shift where AI models can directly access and process a site's content via these integrations, potentially influencing how that content is understood and surfaced in generative search results. It implies creators must consider optimizing not just for traditional SEO but also for direct AI interaction and structured data accessibility to ensure accurate representation within these AI ecosystems.",SEO; GEO; AI search,45.5,candidate
2026-03-07T17:50:19Z,Search Engine Journal,practitioner,"Google Removes JavaScript SEO Warning, Says It’s Outdated via @sejournal, @MattGSouthern",https://www.searchenginejournal.com/google-removes-javascript-seo-warning-says-its-outdated/568829/,2026-03-05,"Google removed its long-standing guidance warning against JavaScript for SEO, stating the advice is outdated because its systems have effectively rendered and indexed JavaScript content for years. This action signifies that Google's crawlers can now reliably process JavaScript-heavy websites, a major shift from past technical limitations. For content creators, this implies that modern JavaScript frameworks are no longer an inherent barrier to indexing and ranking in Google Search, allowing for greater development flexibility without sacrificing core SEO performance. The focus for optimization should remain on content quality and technical performance, not on avoiding JavaScript.",SEO; GEO; AI search,45.5,candidate
2026-03-07T17:50:14Z,Search Engine Journal,practitioner,"If AI Can’t Read Your CMS, It Can’t Recommend Your Brand [Webinar] via @sejournal, @lorenbaker",https://www.searchenginejournal.com/if-ai-cant-read-your-cms-it-cant-recommend-your-brand/568601/,2026-03-05,"The source argues that AI-driven search is already critical for brand discovery, requiring content structured for machine interpretation, not just traditional page rankings. It finds that many enterprise CMS platforms are outdated, built for an earlier SEO era focused on pages rather than structured data. This implies that marketing leaders must treat this as a platform-level issue: if a CMS cannot clearly communicate semantic meaning to AI systems, the brand's visibility in AI-powered search surfaces is fundamentally at risk before users even reach the site.",SEO; GEO; AI search,45.5,candidate
2026-03-07T17:50:10Z,Search Engine Journal,practitioner,"Why Google Discover Is No Longer Just For Publishers via @sejournal, @theshelleywalsh",https://www.searchenginejournal.com/why-google-discover-is-no-longer-just-for-publishers/568777/,2026-03-05,"The source argues that Google Discover, a personalized content feed, is now a strategic channel for both publishers and brands, not just publishers. It measures the platform's utility for driving traffic but cautions against over-reliance on it as a sole strategy due to its inherent volatility from algorithmic personalization. For content creators targeting AI-powered search, this implies a need to diversify traffic sources and optimize for engaging, topical content that aligns with Discover's interest-based recommendations, while not depending on it exclusively for audience reach.",SEO; GEO; AI search,45.5,candidate
2026-03-07T17:49:50Z,Search Engine Journal,practitioner,"Google Says Disavow Links If You’re Conflicted And Need To Be Sure via @sejournal, @martinibuster",https://www.searchenginejournal.com/google-says-disavow-links/568928/,2026-03-06,"Google's John Mueller stated that while most websites do not need to use a disavow file for backlinks, creators should use it if they are uncertain and want to be sure. This indicates that for AI-powered search, creators should focus on proactive, high-quality link-building rather than reactive disavowal, as algorithmic trust in natural link profiles reduces the need for manual intervention unless clear spam is present.",SEO; GEO; AI search,45.5,candidate
2026-03-07T17:49:45Z,Search Engine Journal,practitioner,"AI Max Brand Controls Expand, VRC Non-Skip Ads Go Global – PPC Pulse via @sejournal, @brookeosmundson",https://www.searchenginejournal.com/ppc-pulse-ai-max-brand-controls-expand-vrc-non-skip-ads-go-global/568890/,2026-03-06,"Google announced updates to its AI-powered Performance Max campaigns, expanding brand safety controls that allow advertisers to block AI-generated content from appearing alongside specific keywords or sensitive topics. This development, alongside the global rollout of unskippable 30-second video ads on YouTube, indicates a tightening of platform governance over AI-generated ad content and user experience. For content creators and advertisers, this implies that while AI tools are increasingly integrated into ad platforms, maintaining direct brand safety oversight and adapting to stricter, non-skippable video ad formats will be crucial for campaigns targeting AI-driven search and discovery surfaces.",SEO; GEO; AI search,45.5,candidate
2026-03-07T17:34:13Z,Semrush Blog,vendor_research,SEO Writing: 16 Tips to Create Optimized Content,https://www.semrush.com/blog/seo-writing/,2026-03-02,"<p><img alt=""SEO Writing: 16 Tips to Create Optimized Content"" src=""https://static.semrush.com/blog/uploads/media/e1/98/e198dd5ec6a06564971354b97af646b8/create-seo-friendly-content.svg"" width=""448"" /></p><p>Learn 16 practical tips for writing search-optimized content that gains visibility and drives traffic.</p>",GEO; AI Search; SEO,45.5,candidate
2026-03-07T17:34:13Z,Semrush Blog,vendor_research,What Is Keyword Search Volume? + 5 Free Tools to Check It,https://www.semrush.com/blog/keyword-search-volume/,2026-02-26,"<p><img alt=""What Is Keyword Search Volume? + 5 Free Tools to Check It"" src=""https://static.semrush.com/blog/uploads/media/41/da/41da07da5ddc883acb17c00519904240/keyword-search-volum.svg"" width=""448"" /></p><p>Keyword search volume is the number of monthly searches for a keyword. Discover 5 tools for checking it.</p>",GEO; AI Search; SEO,45.5,candidate
2026-03-07T17:34:13Z,Semrush Blog,vendor_research,What Is a Title Tag? How to Optimize Your SEO Titles,https://www.semrush.com/blog/title-tag/,2026-02-24,"<p><img alt=""What Is a Title Tag? How to Optimize Your SEO Titles"" src=""https://static.semrush.com/blog/uploads/media/7e/42/7e4270cb0db79e40b41144a38515983e/how-to-write-title-tags.svg"" width=""448"" /></p><p>A title tag is an HTML element that provides a page title for search engines and web browsers to use.</p>",GEO; AI Search; SEO,45.5,candidate
2026-03-07T17:34:13Z,Semrush Blog,vendor_research,301 Redirects: How to Use Them & How They Affect SEO,https://www.semrush.com/blog/301-redirects/,2026-02-18,"<p><img alt=""301 Redirects: How to Use Them &amp; How They Affect SEO"" src=""https://static.semrush.com/blog/uploads/media/a5/ca/a5caf9f946b71bff80d9d89fffe948c7/301-redirect.svg"" width=""448"" /></p><p>A 301 redirect sends users and search engines from an old URL to a new one, passing on the SEO value.</p>",GEO; AI Search; SEO,45.5,candidate
2026-03-07T17:34:13Z,Semrush Blog,vendor_research,What Is Google AI Mode? (+ How to Optimize for It in 2026),https://www.semrush.com/blog/google-ai-mode/,2026-02-13,"<p><img alt=""What Is Google AI Mode? (+ How to Optimize for It in 2026)"" src=""https://static.semrush.com/blog/uploads/media/ed/65/ed65478009666da0d3d9c8ac23f8b6cd/ab94da6614a366773300f63a969b17f5/google-ai-mode.svg"" width=""448"" /></p><p>Learn what Google AI Mode is, how it changes SEO, and the key steps you can take to get your content featured in it.</p>",GEO; AI Search; SEO,45.5,candidate
2026-03-07T17:34:13Z,Semrush Blog,vendor_research,12 Alternative Search Engines to Try (Instead of Google),https://www.semrush.com/blog/alternative-search-engines/,2026-02-13,"<p><img alt=""12 Alternative Search Engines to Try (Instead of Google)"" src=""https://static.semrush.com/blog/uploads/media/52/47/5247c1b2a8ac602a03dc5f176b230bc7/alternative-search-engines.svg"" width=""448"" /></p><p>Find the best search engines to use other than Google, including privacy-focused and AI-powered options.</p>",GEO; AI Search; SEO,45.5,candidate
2026-03-07T17:34:13Z,Semrush Blog,vendor_research,How to Conduct an AI Visibility Audit with Semrush One,https://www.semrush.com/blog/ai-visibility-audit-with-semrush-one/,2026-02-12,"<p><img alt=""How to Conduct an AI Visibility Audit with Semrush One"" src=""https://static.semrush.com/blog/uploads/media/27/e4/27e473cce9e5171c7dd2150efa005e71/4775b57b0a1acc76a9e3992c5b6a967a/conduct-an-ai-visibility-audit-with-semrush.svg"" width=""448"" /></p><p>Is your current website health and content strategy set up to help you succeed in AI search?</p>",GEO; AI Search; SEO,45.5,candidate
2026-03-07T17:34:13Z,Semrush Blog,vendor_research,Google Search Console: The Ultimate Guide for 2026,https://www.semrush.com/blog/google-search-console/,2026-02-12,"<p><img alt=""Google Search Console: The Ultimate Guide for 2026"" src=""https://static.semrush.com/blog/uploads/media/ca/fb/cafb3ffdccf7d0e673de046d2833e21d/definitive-guide-to-google-search-console.svg"" width=""448"" /></p><p>Learn how to use Google Search Console to monitor performance, fix issues, and improve visibility.</p>",GEO; AI Search; SEO,45.5,candidate
2026-03-07T17:54:20Z,Stratechery,analyst,2026.08: Losing in the Attention Economy,https://stratechery.com/2026/losing-in-the-attention-economy/,2026-02-20,"This source, a weekly digest from Stratechery, analyzed three distinct industry trends: a critique of the video game industry's current state, an assessment of the NBA's present operational challenges, and an examination of Shopify's role in shaping e-commerce's future. The content argues for specific theses on each topic's underlying dynamics and strategic implications. For content creators targeting AI search, this demonstrates that in-depth, analytical commentary on niche business and technology sectors is valued and surfaced by generative engines. It implies that authoritative, thesis-driven analysis on specialized topics, rather than generic summaries, is effective for visibility on AI-powered search surfaces.",AI strategy; platform dynamics,40.0,candidate
2026-03-07T17:54:14Z,Stratechery,analyst,"Another Viral AI Doomer Article, The Fundamental Error, DoorDash’s AI Advantages",https://stratechery.com/2026/another-viral-ai-doomer-article-the-fundamental-error-doordashs-ai-advantages/,2026-02-24,"A viral ""AI doomer"" article is critiqued for overlooking economic dynamism and market forces, using the resilience of DoorDash as a counterexample. The argument posits that while AI disruption is real, adaptable companies and new market solutions will emerge, preventing widespread societal collapse. For content creators targeting AI search, this implies that analysis should move beyond simplistic alarmism. Content must engage with nuanced, evidence-based discussions on adaptation and real-world economic responses to technological change to rank effectively on AI-powered surfaces seeking substantive, forward-looking insights.",AI strategy; platform dynamics,40.0,candidate
2026-03-07T17:54:09Z,Stratechery,analyst,"Xbox Replaces Head of Gaming, Xbox History, Whither Xbox",https://stratechery.com/2026/xbox-replaces-head-of-gaming-xbox-history-whither-xbox/,2026-02-25,"Microsoft appointed a non-gamer to lead Xbox, signaling a strategic shift away from its console-centric model. This move implies the company is prioritizing software, services, and multiplatform distribution over competing primarily in the dedicated hardware market. For content creators targeting AI search, this underscores the need to optimize for broader ecosystem strategies rather than single-platform hardware. Content should focus on service-based and cross-platform gaming trends, as AI search surfaces will increasingly surface information aligned with this industry pivot toward aggregation and accessibility over exclusive hardware.",AI strategy; platform dynamics,40.0,candidate
2026-03-07T17:54:04Z,Stratechery,analyst,An Interview with Bill Gurley About Runnin’ Down a Dream,https://stratechery.com/2026/an-interview-with-bill-gurley-about-runnin-down-a-dream/,2026-02-26,"In an interview, retired VC Bill Gurley discussed his new book on career-building, his experience with Uber, and the modern venture capital landscape. He argued that the VC industry has become overly competitive and consensus-driven, shifting away from its traditional high-risk, high-reward model. This implies that content creators targeting AI search should focus on providing unique, contrarian insights and deep analysis on industry trends, as AI-powered surfaces prioritize authoritative, differentiated content over generic information to serve users seeking substantive expertise.",AI strategy; platform dynamics,40.0,candidate
2026-03-07T17:53:59Z,Stratechery,analyst,2026.09: This Was an Xbox,https://stratechery.com/2026/this-was-an-xbox/,2026-02-27,"This source analyzes strategic tech industry shifts, arguing that companies are moving from competing in saturated hardware markets to dominating high-value digital ecosystems and services, exemplified by focusing on the ""living room"" experience over device sales. It finds that long-term advantage lies in controlling platforms and content distribution, not physical products. For content creators targeting AI search, this implies a need to prioritize deep, authoritative content that establishes topical ownership within these emerging digital ecosystems, as AI surfaces will increasingly value and surface sources perceived as definitive within a niche.",AI strategy; platform dynamics,40.0,candidate
2026-03-07T17:53:53Z,Stratechery,analyst,Anthropic and Alignment,https://stratechery.com/2026/anthropic-and-alignment/,2026-03-02,"This summary cannot be completed as the provided source text contains a significant factual inaccuracy: there is no U.S. ""Department of War""; the department was renamed the Department of Defense in 1949. The statement presents an unverified claim about a standoff with Anthropic, but without a legitimate source or verifiable details on what was measured or argued, no factual summary about implications for content creators can be generated.",AI strategy; platform dynamics,40.0,candidate
2026-03-07T17:53:49Z,Stratechery,analyst,"Technological Scale and Government Control, Paramount Outbids Netflix for Warner Bros.",https://stratechery.com/2026/technological-scale-and-government-control-paramount-outbids-netflix-for-warner-bros/,2026-03-03,"Government is not the primary customer for tech companies because their core business models are built on monetizing consumer attention and data through advertising and subscriptions, not fulfilling public sector contracts. Regarding Netflix, being outbid for Warner Bros. likely provides relief by avoiding a massive debt burden and intense regulatory scrutiny, allowing it to focus on its core streaming strategy and original content. For content creators targeting AI search, this implies that platforms prioritize commercially viable, engaging content that drives user retention and data collection, not public service objectives. Creators must optimize for user engagement metrics that align with these private commercial incentives.",AI strategy; platform dynamics,40.0,candidate
2026-03-07T17:53:44Z,Stratechery,analyst,"Anthropic’s Skyrocketing Revenue, A Contract Compromise?, Nvidia Earnings",https://stratechery.com/2026/anthropics-skyrocketing-revenue-a-contract-compromise-nvidia-earnings/,2026-03-04,"Anthropic's enterprise growth necessitates government compromise, while AI agents drive Nvidia chip demand despite potential software disruption. For content creators, this signals a shift: AI agents will increasingly power search, moving beyond simple retrieval to complex task execution. Content must be structured for agentic consumption—prioritizing clear, actionable data and trusted sourcing to be integrated into workflows. Creators should optimize for reliability and precision to serve these autonomous systems, as traditional SEO becomes less relevant in an agent-dominated landscape.",AI strategy; platform dynamics,40.0,candidate
2026-03-07T17:53:39Z,Stratechery,analyst,An Interview with Gregory Allen About Anthropic and the U.S. Government,https://stratechery.com/2026/an-interview-with-gregory-allen-about-anthropic-and-the-u-s-government/,2026-03-05,"In an interview, Gregory Allen analyzed Anthropic's legal dispute with the U.S. government over AI model export controls, arguing the case centers on whether advanced AI constitutes a dual-use technology requiring strict regulation. He found the government's position treats cutting-edge large language models as potential national security risks, akin to weaponizable software. This implies that for content creators, AI-powered search and generation tools may increasingly operate within a fragmented, geopolitically constrained ecosystem, where access to the most powerful underlying models and their training data could be restricted, potentially limiting the technical ceiling and global reach of optimized content.",AI strategy; platform dynamics,40.0,candidate
2026-03-07T17:53:33Z,Stratechery,analyst,2026.10: Higher Powers and Lower Macs,https://stratechery.com/2026/higher-powers-and-lower-macs/,2026-03-06,"This Stratechery analysis argues that AI-powered search engines are shifting from retrieving existing web pages to generating direct answers, fundamentally altering content discovery. It finds that traditional SEO is becoming less effective as these engines synthesize information rather than link to sources. For creators, this implies a critical need to produce authoritative, citable content that AI models will reliably reference as a foundational source within their generated responses. Success now depends on being the definitive information origin that AIs ""learn"" from and integrate, not just on ranking for keywords.",AI strategy; platform dynamics,40.0,candidate
2026-03-07T17:53:27Z,Benedict Evans,analyst,Remaking the app store,https://www.ben-evans.com/benedictevans/2024/1/31/remaking-the-app-store,2024-02-03,"The source argues that despite the EU's regulatory push forcing Apple to redesign its App Store after 15 years of debate, the outcome is unsatisfactory to all parties. It predicts that while the coming years will involve significant conflict and substantial fines, the ultimate result will be minimal substantive change. This implies that for content creators, relying on or adapting to mandated changes in major tech platforms may be a protracted and ultimately ineffective strategy, as entrenched systems and corporate resistance can neutralize regulatory interventions, leaving the core dynamics of digital marketplaces unaltered.",AI industry; tech strategy,40.0,candidate
2026-03-07T17:53:22Z,Benedict Evans,analyst,A month of the Vision Pro,https://www.ben-evans.com/benedictevans/2024/3/17/a-month-of-the-vision-pro,2024-03-17,"The source argues that despite its technical prowess, Apple's Vision Pro, like the broader VR/AR category, remains far from mass-market adoption. It further questions the ultimate significance of the device even if it does achieve that scale. For content creators targeting AI search, this implies that while cutting-edge tech generates buzz, optimizing for near-term, established platforms with broader user bases remains a more critical and impactful strategy than focusing on speculative, niche hardware ecosystems.",AI industry; tech strategy,40.0,candidate
2026-03-07T17:53:18Z,Benedict Evans,analyst,Who cares about tech regulation?,https://www.ben-evans.com/benedictevans/2024/3/21/who-cares-about-tech-regulation,2024-03-21,"The source argues that despite significant media coverage, tech regulation is largely disregarded within the tech industry. It is perceived as boring, distant in timeline, and fundamentally irrelevant to the immediate work and priorities of most tech professionals. This implies that for content creators targeting AI-powered search, focusing on practical, immediate technical developments and product innovations will likely resonate more with the core industry audience than analysis of long-term regulatory frameworks.",AI industry; tech strategy,40.0,candidate
2026-03-07T17:53:14Z,Benedict Evans,analyst,The problem of AI ethics,https://www.ben-evans.com/benedictevans/2024/3/23/the-problem-of-ai-ethics-and-laws-about-ai,2024-03-23,"The source argues that creating static laws or ethical principles for AI is fundamentally challenged by its rapid, divergent evolution across industries. It questions the feasibility of traditional governance for a technology that undergoes complete transformation approximately every 18 months, applied to vastly different contexts. This implies that content creators targeting AI search must anticipate not just current technical capabilities but also prepare for frequent, disruptive shifts in how AI models interpret and surface information. Effective strategies will require extreme adaptability to remain visible as the underlying search and generative engines continuously redefine their own operational parameters and outputs.",AI industry; tech strategy,40.0,candidate
2026-03-07T17:52:59Z,Benedict Evans,analyst,Ways to think about AGI,https://www.ben-evans.com/benedictevans/2024/5/4/ways-to-think-about-agi,2024-05-04,"Experts face a scenario where a major risk is fundamentally unknown and its probability and impact are unquantifiable, creating a state of deep uncertainty. This situation, where expert consensus is only on the absence of knowledge, paralyzes traditional risk assessment models. It implies that for content targeting AI search, creators must explicitly address these acknowledged knowledge gaps. Authority will stem not from providing false certainty, but from clearly delineating the boundaries of current understanding, framing open questions, and synthesizing the limited, often conflicting, expert perspectives on the unknowns themselves.",AI industry; tech strategy,40.0,candidate
2026-03-07T17:52:53Z,Benedict Evans,analyst,Building AI products,https://www.ben-evans.com/benedictevans/2024/6/8/building-ai-products,2024-06-08,"The source argues that for AI to achieve mass-market, world-changing impact, creators must redefine ""wrong"" not as factual error but as a failure to be useful within a specific context. It posits that useful AI outputs are often probabilistic, interpretive, and context-dependent rather than strictly correct. This implies content creators targeting AI search must optimize for contextual utility and actionable insight over static factual precision, structuring information to guide generative models toward interpretations that serve diverse user intents and real-world applications.",AI industry; tech strategy,40.0,candidate
2026-03-07T17:52:43Z,Benedict Evans,analyst,The VR winter continues,https://www.ben-evans.com/benedictevans/2024/7/8/the-vr-winter-continues,2024-07-08,"Meta has invested over $50 billion in VR/AR, yet adoption remains stagnant due to high costs and insufficient hardware. The core argument is that even with technical improvements, mainstream consumer interest may never materialize. This implies that content creators targeting AI-powered search surfaces should prioritize platforms with proven, large-scale user engagement over speculative, niche technologies like current VR/AR, as ROI depends on accessible audiences.",AI industry; tech strategy,40.0,candidate
2026-03-07T17:52:20Z,Benedict Evans,analyst,Apple innovation and execution,https://www.ben-evans.com/benedictevans/2025/3/13/apple-innovation-and-execution,2025-03-14,"Apple's delayed Siri upgrade and apparent lack of foresight highlight a critical vulnerability in its AI strategy, measured by its failure to anticipate competitive and technical timelines. This implies that for content creators targeting AI search, reliance on any single platform's announced capabilities is risky. The finding underscores that AI search surfaces are rapidly evolving and unpredictable. Creators must therefore prioritize foundational SEO—authoritative, well-structured, and semantically rich content—that performs across multiple current and future AI systems, rather than optimizing for transient, platform-specific features.",AI industry; tech strategy,40.0,candidate
2026-03-07T17:52:14Z,Benedict Evans,analyst,What kind of disruption?,https://www.ben-evans.com/benedictevans/2025/3/14/what-kind-of-disruption,2025-03-14,"The source argues that while software has transformed industries, the disruption exemplified by companies like Uber and Airbnb goes beyond merely selling software; it involves fundamentally redefining and restructuring entire markets. This implies that for content creators targeting AI-powered search, success requires more than just technical optimization. It necessitates creating content that fundamentally addresses and reshapes user needs and market paradigms within these new, AI-driven contexts, moving beyond surface-level tactics to drive substantive engagement.",AI industry; tech strategy,40.0,candidate
2026-03-07T17:51:56Z,Benedict Evans,analyst,How will OpenAI compete?,https://www.ben-evans.com/benedictevans/2026/2/19/how-will-openai-compete-nkg2x,2026-02-19,"The source argues that OpenAI lacks unique technology and strong user engagement, while competitors have matched its capabilities and leveraged existing distribution networks. It finds that future value in AI will stem from novel applications, which OpenAI cannot solely develop. This implies that content creators should focus on innovating unique, engaging user experiences to capture value on AI-powered platforms, rather than relying on established tech or distribution alone.",AI industry; tech strategy,40.0,candidate
2026-03-07T17:34:13Z,Ahrefs Blog,vendor_research,"Focus Keywords: What They Are, and How to Choose the Right One",https://ahrefs.com/blog/focus-keywords/,2026-03-04,"But here’s the thing: if you’re new to SEO, you might not actually understand what a focus keyword is, or why it matters beyond making that indicator turn green. A focus keyword isn’t just a box to fill in. It’s<span class=""ellipsis"">&#8230;</span><div class=""read-more"">Read more &#8250;</div><!-- end of .read-more -->",Google AI Overviews; GEO; SEO,40.0,candidate
2026-03-07T17:34:13Z,Ahrefs Blog,vendor_research,How to Focus on Topics (Not Keywords) in Your SEO Strategy,https://ahrefs.com/blog/topics-not-keywords/,2026-03-04,"The truth is far less dramatic. Keywords aren’t dead, but optimising for them one at a time is like trying to light up a galaxy one star at a time. The real shift is a change in scale and mindset:<span class=""ellipsis"">&#8230;</span><div class=""read-more"">Read more &#8250;</div><!-- end of .read-more -->",Google AI Overviews; GEO; SEO,40.0,candidate
2026-03-07T17:34:13Z,Ahrefs Blog,vendor_research,SEO’s 5 Stages of Grief (And How to Adapt to AI SEO),https://ahrefs.com/blog/seo-5-stages-of-grief/,2026-03-03,"Much like anyone facing a sudden loss, SEOs and marketers are currently cycling through the five stages of grief: denial, anger, bargaining, depression, and acceptance. Our goal here is to help you process the change and unemotionally come to terms<span class=""ellipsis"">&#8230;</span><div class=""read-more"">Read more &#8250;</div><!-- end of .read-more -->",Google AI Overviews; GEO; SEO,40.0,candidate
2026-03-07T17:51:51Z,Moz Blog,practitioner,The Guide to Targeted-Impact Link Building,https://feedpress.me/link/9375/14723651/targeted-impact-link-building-guide,2021-09-01,"This guide argues that targeted link-building is essential for SEO, emphasizing that links drive rankings for specific pages rather than just a site overall. It implies content creators must strategically build links to directly influence the visibility of key pages in search results, moving beyond general domain authority. For AI-powered search, this underscores the need for precise, page-level authority signals to optimize content for generative engines that may prioritize granular relevance and credibility.",SEO; GEO; content strategy,37.5,candidate
2026-03-07T17:51:47Z,Moz Blog,practitioner,How to Use STAT to Find SEO Opportunities at Scale,https://feedpress.me/link/9375/14729254/find-seo-opportunities-with-stat,2021-09-03,"The source argues that the STAT SEO platform is a powerful tool for identifying search engine optimization opportunities at scale. It implies that for content creators targeting AI-powered search, leveraging such large-scale analytical tools is critical to systematically discover and capitalize on ranking opportunities within complex, algorithmically driven search environments.",SEO; GEO; content strategy,37.5,candidate
2026-03-07T17:51:35Z,Moz Blog,practitioner,Winning the Page Speed Race: How to Turn Your Clunker of a Website Into a Race Car,https://feedpress.me/link/9375/14737629/winning-page-speed,2021-09-08,"This source argues that optimizing page speed is analogous to winning a car race, requiring a lightweight site (efficient code/assets), powerful infrastructure, and efficient navigation (optimal delivery paths). For content creators targeting AI search, this implies that technical performance is a critical ranking factor. AI-powered search surfaces likely prioritize and surface content from fast, technically optimized sites to deliver quick, reliable answers. Creators must therefore invest in core web vitals, efficient hosting, and streamlined architecture to ensure their content is competitively ranked and retrieved by generative search engines.",SEO; GEO; content strategy,37.5,candidate
2026-03-07T17:51:26Z,Moz Blog,practitioner,"How to Add Products to Your Google My Business Listing, Illustrated",https://feedpress.me/link/9375/14746944/add-products-to-gmb-listing,2021-09-13,"This source is a tutorial on using Google My Business to list products and services. It argues that creating detailed, structured product listings within the platform is a key step for local business visibility. The implied finding is that this process directly feeds the knowledge panels and local search results used by AI assistants and search engines. For content creators, it implies that optimizing for these owned business profiles is essential for appearing in AI-powered local searches and voice queries, as these systems prioritize authoritative, structured data from official sources.",SEO; GEO; content strategy,37.5,candidate
2026-03-07T17:51:21Z,Moz Blog,practitioner,How Our Website Conversion Strategy Increased Business Inquiries by 37%,https://feedpress.me/link/9375/14751225/website-conversion-case-study,2021-09-15,"A case study measured the impact of strategic adjustments to Chromatix's conversion strategy. The team implemented several targeted tweaks, which resulted in attracting a higher caliber of clientele, generating a greater volume of inquiries, and securing over $780,000 in new sales pipeline value. This demonstrates that for content creators targeting AI search, optimizing for conversion and lead quality—not just traffic—is critical. The findings imply that AI-powered search surfaces can effectively connect qualified users with commercial solutions, and creators must structure their content to clearly demonstrate value and facilitate high-intent actions to capture these opportunities.",SEO; GEO; content strategy,37.5,candidate
2026-03-07T17:51:10Z,Moz Blog,practitioner,Cannibalization,https://feedpress.me/link/9375/14757949/cannibalization,2021-09-17,"Moz SEO expert Tom Capper explains keyword cannibalization, where multiple pages on a site compete for the same search queries, diluting ranking potential. He details methods to identify the issue through analytics and outlines strategies to fix it, such as consolidating content or improving page targeting. For creators targeting AI search, this implies that clear, non-redundant topical authority and a well-structured internal linking strategy are critical to avoid confusing search algorithms and to maximize visibility in AI-powered summaries and answers.",SEO; GEO; content strategy,37.5,candidate
2026-03-07T17:34:13Z,Semrush Blog,vendor_research,Agentic Commerce Is Here: What It Means for the Ecommerce Industry,https://www.semrush.com/blog/agentic-commerce-optimization/,2026-03-06,"<p><img alt=""Agentic Commerce Is Here: What It Means for the Ecommerce Industry"" src=""https://static.semrush.com/blog/uploads/media/54/74/5474460b0093f69c4c3ad1835e70fd54/2417c3d550fd6067684f7b287c1aa340/ecommerce-navigation.svg"" width=""448"" /></p><p>Agentic commerce is changing online shopping. Learn what it is, how it works, and how to prepare your business for it.</p>",GEO; AI Search; SEO,37.5,candidate
2026-03-07T17:34:13Z,Semrush Blog,vendor_research,How to Find AI Visibility Gaps with Semrush,https://www.semrush.com/blog/find-ai-visibility-gaps-with-semrush/,2026-02-26,"<p><img alt=""How to Find AI Visibility Gaps with Semrush"" src=""https://static.semrush.com/blog/uploads/media/52/a5/52a549137d6c318caee65e13febde888/854903c4e28fc894406005ed8f6d815e/how-to-find-ai-visibility-gaps-with-semrush.svg"" width=""448"" /></p><p>Follow this practical guide to identify and close the AI visibility gaps where your competitors are winning.</p>",GEO; AI Search; SEO,37.5,candidate
2026-03-07T17:34:13Z,Semrush Blog,vendor_research,How Agencies Use Semrush for AI Visibility,https://www.semrush.com/blog/how-agencies-use-semrush-for-ai-visibility/,2026-02-25,"<p><img alt=""How Agencies Use Semrush for AI Visibility"" src=""https://static.semrush.com/blog/uploads/media/dd/19/dd19a160d0b151c2981e3ceff08fb83e/1bbdb11e7b355152aea291f6ff0058c6/how-agencies-use-semrush-for-ai-visibility.svg"" width=""448"" /></p><p>429% more AI referral traffic. 137% more conversions. See how four agencies use Semrush to track AI visibility and prove it to clients.</p>",GEO; AI Search; SEO,37.5,candidate
2026-03-07T17:34:13Z,Semrush Blog,vendor_research,7 Google Business Profile Optimization Tips to Drive Visibility,https://www.semrush.com/blog/google-business-profile-optimization/,2026-02-19,"<p><img alt=""7 Google Business Profile Optimization Tips to Drive Visibility"" src=""https://static.semrush.com/blog/uploads/media/96/20/96204e1623febba5b839bb82896e7d35/dd9bc482b1d0dc01a47189291ffbffed/google-business-profile-optimization.svg"" width=""448"" /></p><p>Learn how to optimize your Google Business Profile to improve rankings, reviews, and customer actions.</p>",GEO; AI Search; SEO,37.5,candidate
2026-03-07T17:34:13Z,Semrush Blog,vendor_research,"We Analyzed 8,000 Content Marketing Job Listings: The Shift from Writing to Ownership",https://www.semrush.com/blog/content-marketing-job-market-study/,2026-02-16,"<p><img alt=""We Analyzed 8,000 Content Marketing Job Listings: The Shift from Writing to Ownership"" src=""https://static.semrush.com/blog/uploads/media/2b/28/2b28f35e25b84c7439f1897d066746be/f47fa94492e4e355be38ca9947fc8500/we-analyzed-8k-content-marketing-job-listings-key-takeaways-for-2026.svg"" width=""448"" /></p><p>We analyzed 8,000 US content marketing job listings to show how roles shift from writing to owning SEO, AI discovery, storytelling, and impact.</p>",GEO; AI Search; SEO,37.5,candidate
2026-03-07T17:34:13Z,Semrush Blog,vendor_research,What Are Display Ads & How Do They Work?,https://www.semrush.com/blog/display-ads/,2026-02-16,"<p><img alt=""What Are Display Ads &amp; How Do They Work?"" src=""https://static.semrush.com/blog/uploads/media/37/a2/37a2cf0d556e2d6e9bedbe5806ec916e/display-ads.svg"" width=""448"" /></p><p>Display ads are visual ads that appear on websites, apps, and social media platforms.</p>",GEO; AI Search; SEO,37.5,candidate
2026-03-07T17:34:13Z,Semrush Blog,vendor_research,Bing Now Shows Which Pages Get Cited in AI Answers,https://www.semrush.com/blog/bing-ai-performance-report/,2026-02-13,"<p><img alt=""Bing Now Shows Which Pages Get Cited in AI Answers"" src=""https://static.semrush.com/blog/uploads/media/24/8a/248aba4fd00bf5a871e7d1dc6ee49a4c/5f2652b5b671865c27abf609ae64386a/bing-ai-performance-report.svg"" width=""448"" /></p><p>Bing Webmaster Tools now shows how often your content is cited in AI answers. See what the dashboard tracks, what‘s missing, and how to act on the data.</p>",GEO; AI Search; SEO,37.5,candidate
2026-03-07T17:34:13Z,Semrush Blog,vendor_research,Social Media Calendar: How to Create One in 2026,https://www.semrush.com/blog/social-media-calendar/,2026-02-11,"<p><img alt=""Social Media Calendar: How to Create One in 2026"" src=""https://static.semrush.com/blog/uploads/media/2e/b2/2eb2f0664e88e6aa7fd1d92606570c7d/social-media-content-calendar.svg"" width=""448"" /></p><p>Learn what a social media calendar is, its key components, and how to create one for 2026.</p>",GEO; AI Search; SEO,37.5,candidate
